latitud,longitud,co2,fecha
14.607287,-90.5655182,84,2017-10-0914:03:04
14.607287, -90.5655182,88,2017-10-0914:03:05
14.607287,-90.5655182,105,2017-10-0914:03:06
14.607287, -90.5655182,143,2017-10-0914:03:07
14.607287, -90.5655182,72,2017-10-0914:03:08
14.607287,-90.5655182,61,2017-10-0914:03:09
14.607287, -90.5655182,140,2017-10-0914:03:10
14.607287,-90.5655182,79,2017-10-0914:03:11
14.607287, -90.5655182,117,2017-10-0914:03:12
14.607287, -90.5655182,75,2017-10-0914:03:13
14.607287,-90.5655182,79,2017-10-0914:03:14
14.607287, -90.5655182,102,2017-10-0914:03:15
14.607287,-90.5655182,61,2017-10-0914:03:16
14.607287, -90.5655182,5,2017-10-0914:03:17
14.607287, -90.5655182,74,2017-10-0914:03:18
14.607287,-90.5655182,80,2017-10-0914:03:19
14.607287, -90.5655182,100,2017-10-0914:03:20
14.607287,-90.5655182,127,2017-10-0914:03:21
14.607287, -90.5655182,141,2017-10-0914:03:22
14.607287, -90.5655182,137,2017-10-0914:03:23
14.607287,-90.5655182,92,2017-10-0914:03:24
14.607287, -90.5655182,121,2017-10-0914:03:25
14.607287,-90.5655182,149,2017-10-0914:03:26
14.607287, -90.5655182,109,2017-10-0914:03:27
14.607287, -90.5655182,77,2017-10-0914:03:28
14.607287,-90.5655182,121,2017-10-0914:03:29
14.607287, -90.5655182,61,2017-10-0914:03:30
14.607287,-90.5655182,84,2017-10-0914:03:31
14.607287, -90.5655182,53,2017-10-0914:03:32
14.607287, -90.5655182,137,2017-10-0914:03:33
14.607287,-90.5655182,131,2017-10-0914:03:34
14.607287, -90.5655182,84,2017-10-0914:03:35
14.607287,-90.5655182,11,2017-10-0914:03:36
14.607287, -90.5655182,71,2017-10-0914:03:37
14.607287, -90.5655182,145,2017-10-0914:03:38
14.607287,-90.5655182,62,2017-10-0914:03:39
14.607287, -90.5655182,130,2017-10-0914:03:40
14.607287,-90.5655182,130,2017-10-0914:03:41
14.607287, -90.5655182,91,2017-10-0914:03:42
14.607287, -90.5655182,120,2017-10-0914:03:43
14.607287,-90.5655182,13,2017-10-0914:03:44
14.607287, -90.5655182,12,2017-10-0914:03:45
14.607287,-90.5655182,145,2017-10-0914:03:46
14.607287, -90.5655182,60,2017-10-0914:03:47
14.607287, -90.5655182,110,2017-10-0914:03:48
14.607287,-90.5655182,137,2017-10-0914:03:49
14.607287, -90.5655182,59,2017-10-0914:03:50
14.607287,-90.5655182,114,2017-10-0914:03:51
14.607287, -90.5655182,111,2017-10-0914:03:52
14.607287, -90.5655182,102,2017-10-0914:03:53
14.607287,-90.5655182,104,2017-10-0914:03:54
14.607287, -90.5655182,131,2017-10-0914:03:55
14.607287,-90.5655182,78,2017-10-0914:03:56
14.607287, -90.5655182,78,2017-10-0914:03:57
14.607287, -90.5655182,137,2017-10-0914:03:58
14.607287,-90.5655182,68,2017-10-0914:03:59
14.607287, -90.5655182,82,2017-10-0914:04:00
14.607287,-90.5655182,68,2017-10-0914:04:01
14.607287, -90.5655182,114,2017-10-0914:04:02
14.607287, -90.5655182,57,2017-10-0914:04:03
14.607287,-90.5655182,113,2017-10-0914:04:04
14.607287, -90.5655182,54,2017-10-0914:04:05
14.607287,-90.5655182,14,2017-10-0914:04:06
14.607287, -90.5655182,138,2017-10-0914:04:07
14.607287, -90.5655182,71,2017-10-0914:04:08
14.607287,-90.5655182,132,2017-10-0914:04:09
14.607287, -90.5655182,63,2017-10-0914:04:10
14.607287,-90.5655182,14,2017-10-0914:04:11
14.607287, -90.5655182,132,2017-10-0914:04:12
14.607287, -90.5655182,148,2017-10-0914:04:13
14.607287,-90.5655182,120,2017-10-0914:04:14
14.607287, -90.5655182,57,2017-10-0914:04:15
14.607287,-90.5655182,99,2017-10-0914:04:16
14.607287, -90.5655182,107,2017-10-0914:04:17
14.607287, -90.5655182,138,2017-10-0914:04:18
14.607287,-90.5655182,90,2017-10-0914:04:19
14.607287, -90.5655182,141,2017-10-0914:04:20
14.607287,-90.5655182,111,2017-10-0914:04:21
14.607287, -90.5655182,55,2017-10-0914:04:22
14.607287, -90.5655182,129,2017-10-0914:04:23
14.607287,-90.5655182,148,2017-10-0914:04:24
14.607287, -90.5655182,9,2017-10-0914:04:25
14.607287,-90.5655182,10,2017-10-0914:04:26
14.607287, -90.5655182,84,2017-10-0914:04:27
14.607287, -90.5655182,124,2017-10-0914:04:28
14.607287,-90.5655182,124,2017-10-0914:04:29
14.607287, -90.5655182,10,2017-10-0914:04:30
14.607287,-90.5655182,7,2017-10-0914:04:31
14.607287, -90.5655182,102,2017-10-0914:04:32
14.607287, -90.5655182,123,2017-10-0914:04:33
14.607287,-90.5655182,102,2017-10-0914:04:34
14.607287, -90.5655182,134,2017-10-0914:04:35
14.607287,-90.5655182,73,2017-10-0914:04:36
14.607287, -90.5655182,143,2017-10-0914:04:37
14.607287, -90.5655182,99,2017-10-0914:04:38
14.607287,-90.5655182,62,2017-10-0914:04:39
14.607287, -90.5655182,92,2017-10-0914:04:40
14.607287,-90.5655182,77,2017-10-0914:04:41
14.607287, -90.5655182,103,2017-10-0914:04:42
14.607287, -90.5655182,12,2017-10-0914:04:43
14.607287,-90.5655182,50,2017-10-0914:04:44
14.607287, -90.5655182,124,2017-10-0914:04:45
14.607287,-90.5655182,9,2017-10-0914:04:46
14.607287, -90.5655182,65,2017-10-0914:04:47
14.607287, -90.5655182,99,2017-10-0914:04:48
14.607287,-90.5655182,73,2017-10-0914:04:49
14.607287, -90.5655182,13,2017-10-0914:04:50
14.607287,-90.5655182,7,2017-10-0914:04:51
14.607287, -90.5655182,67,2017-10-0914:04:52
14.607287, -90.5655182,9,2017-10-0914:04:53
14.607287,-90.5655182,10,2017-10-0914:04:54
14.607287, -90.5655182,149,2017-10-0914:04:55
14.607287,-90.5655182,82,2017-10-0914:04:56
14.607287, -90.5655182,73,2017-10-0914:04:57
14.607287, -90.5655182,89,2017-10-0914:04:58
14.607287,-90.5655182,59,2017-10-0914:04:59
14.607287, -90.5655182,138,2017-10-0914:05:00
14.607287,-90.5655182,98,2017-10-0914:05:01
14.607287, -90.5655182,137,2017-10-0914:05:02
14.607287, -90.5655182,74,2017-10-0914:05:03
14.607287,-90.5655182,78,2017-10-0914:05:04
14.607287, -90.5655182,148,2017-10-0914:05:05
14.607287,-90.5655182,85,2017-10-0914:05:06
14.607287, -90.5655182,137,2017-10-0914:05:07
14.607287, -90.5655182,120,2017-10-0914:05:08
14.607287,-90.5655182,51,2017-10-0914:05:09
14.607287, -90.5655182,121,2017-10-0914:05:10
14.607287,-90.5655182,74,2017-10-0914:05:11
14.607287, -90.5655182,133,2017-10-0914:05:12
14.607287, -90.5655182,124,2017-10-0914:05:13
14.607287,-90.5655182,95,2017-10-0914:05:14
14.607287, -90.5655182,149,2017-10-0914:05:15
14.607287,-90.5655182,150,2017-10-0914:05:16
14.607287, -90.5655182,113,2017-10-0914:05:17
14.607287, -90.5655182,50,2017-10-0914:05:18
14.607287,-90.5655182,129,2017-10-0914:05:19
14.607287, -90.5655182,11,2017-10-0914:05:20
14.607287,-90.5655182,135,2017-10-0914:05:21
14.607287, -90.5655182,68,2017-10-0914:05:22
14.607287, -90.5655182,143,2017-10-0914:05:23
14.607287,-90.5655182,143,2017-10-0914:05:24
14.607287, -90.5655182,7,2017-10-0914:05:25
14.607287,-90.5655182,103,2017-10-0914:05:26
14.607287, -90.5655182,81,2017-10-0914:05:27
14.607287, -90.5655182,11,2017-10-0914:05:28
14.607287,-90.5655182,132,2017-10-0914:05:29
14.607287, -90.5655182,70,2017-10-0914:05:30
14.607287,-90.5655182,98,2017-10-0914:05:31
14.607287, -90.5655182,121,2017-10-0914:05:32
14.607287, -90.5655182,89,2017-10-0914:05:33
14.607287,-90.5655182,61,2017-10-0914:05:34
14.607287, -90.5655182,143,2017-10-0914:05:35
14.607287,-90.5655182,75,2017-10-0914:05:36
14.607287, -90.5655182,117,2017-10-0914:05:37
14.607287, -90.5655182,122,2017-10-0914:05:38
14.607287,-90.5655182,82,2017-10-0914:05:39
14.607287, -90.5655182,60,2017-10-0914:05:40
14.607287,-90.5655182,115,2017-10-0914:05:41
14.607287, -90.5655182,7,2017-10-0914:05:42
14.607287, -90.5655182,53,2017-10-0914:05:43
14.607287,-90.5655182,64,2017-10-0914:05:44
14.607287, -90.5655182,50,2017-10-0914:05:45
14.607287,-90.5655182,50,2017-10-0914:05:46
14.607287, -90.5655182,124,2017-10-0914:05:47
14.607287, -90.5655182,72,2017-10-0914:05:48
14.607287,-90.5655182,73,2017-10-0914:05:49
14.607287, -90.5655182,6,2017-10-0914:05:50
14.607287,-90.5655182,147,2017-10-0914:05:51
14.607287, -90.5655182,105,2017-10-0914:05:52
14.607287, -90.5655182,53,2017-10-0914:05:53
14.607287,-90.5655182,134,2017-10-0914:05:54
14.607287, -90.5655182,139,2017-10-0914:05:55
14.607287,-90.5655182,73,2017-10-0914:05:56
14.607287, -90.5655182,111,2017-10-0914:05:57
14.607287, -90.5655182,9,2017-10-0914:05:58
14.607287,-90.5655182,149,2017-10-0914:05:59
14.607287, -90.5655182,81,2017-10-0914:06:00
14.607287,-90.5655182,5,2017-10-0914:06:01
14.607287, -90.5655182,107,2017-10-0914:06:02
14.607287, -90.5655182,117,2017-10-0914:06:03
14.607761,-90.565206,54,2017-10-0914:06:04
14.607761,-90.565206,118,2017-10-0914:06:05
14.607761,-90.565206,111,2017-10-0914:06:06
14.607761,-90.565206,57,2017-10-0914:06:07
14.607761,-90.565206,122,2017-10-0914:06:08
14.607761,-90.565206,85,2017-10-0914:06:09
14.607761,-90.565206,128,2017-10-0914:06:10
14.607761,-90.565206,144,2017-10-0914:06:11
14.607761,-90.565206,131,2017-10-0914:06:12
14.607761,-90.565206,113,2017-10-0914:06:13
14.607761,-90.565206,50,2017-10-0914:06:14
14.607761,-90.565206,140,2017-10-0914:06:15
14.607761,-90.565206,93,2017-10-0914:06:16
14.607761,-90.565206,110,2017-10-0914:06:17
14.607761,-90.565206,75,2017-10-0914:06:18
14.607761,-90.565206,122,2017-10-0914:06:19
14.607761,-90.565206,55,2017-10-0914:06:20
14.607761,-90.565206,78,2017-10-0914:06:21
14.607761,-90.565206,63,2017-10-0914:06:22
14.607761,-90.565206,81,2017-10-0914:06:23
14.607761,-90.565206,101,2017-10-0914:06:24
14.607761,-90.565206,117,2017-10-0914:06:25
14.607761,-90.565206,10,2017-10-0914:06:26
14.607761,-90.565206,130,2017-10-0914:06:27
14.607761,-90.565206,52,2017-10-0914:06:28
14.607761,-90.565206,10,2017-10-0914:06:29
14.607761,-90.565206,74,2017-10-0914:06:30
14.607761,-90.565206,52,2017-10-0914:06:31
14.607761,-90.565206,61,2017-10-0914:06:32
14.607761,-90.565206,134,2017-10-0914:06:33
14.607761,-90.565206,74,2017-10-0914:06:34
14.607761,-90.565206,149,2017-10-0914:06:35
14.607761,-90.565206,97,2017-10-0914:06:36
14.607761,-90.565206,57,2017-10-0914:06:37
14.607761,-90.565206,80,2017-10-0914:06:38
14.607761,-90.565206,103,2017-10-0914:06:39
14.607761,-90.565206,134,2017-10-0914:06:40
14.607761,-90.565206,97,2017-10-0914:06:41
14.607761,-90.565206,69,2017-10-0914:06:42
14.607761,-90.565206,74,2017-10-0914:06:43
14.607761,-90.565206,137,2017-10-0914:06:44
14.607761,-90.565206,108,2017-10-0914:06:45
14.607761,-90.565206,129,2017-10-0914:06:46
14.607761,-90.565206,59,2017-10-0914:06:47
14.607761,-90.565206,141,2017-10-0914:06:48
14.607761,-90.565206,78,2017-10-0914:06:49
14.607761,-90.565206,124,2017-10-0914:06:50
14.607761,-90.565206,99,2017-10-0914:06:51
14.607761,-90.565206,98,2017-10-0914:06:52
14.607761,-90.565206,85,2017-10-0914:06:53
14.607761,-90.565206,62,2017-10-0914:06:54
14.607761,-90.565206,63,2017-10-0914:06:55
14.607761,-90.565206,108,2017-10-0914:06:56
14.607761,-90.565206,110,2017-10-0914:06:57
14.607761,-90.565206,122,2017-10-0914:06:58
14.607761,-90.565206,58,2017-10-0914:06:59
14.607761,-90.565206,60,2017-10-0914:07:00
14.607761,-90.565206,65,2017-10-0914:07:01
14.607761,-90.565206,100,2017-10-0914:07:02
14.607761,-90.565206,101,2017-10-0914:07:03
14.607761,-90.565206,73,2017-10-0914:07:04
14.607761,-90.565206,87,2017-10-0914:07:05
14.607761,-90.565206,10,2017-10-0914:07:06
14.607761,-90.565206,102,2017-10-0914:07:07
14.607761,-90.565206,13,2017-10-0914:07:08
14.607761,-90.565206,64,2017-10-0914:07:09
14.607761,-90.565206,131,2017-10-0914:07:10
14.607761,-90.565206,120,2017-10-0914:07:11
14.607761,-90.565206,139,2017-10-0914:07:12
14.607761,-90.565206,73,2017-10-0914:07:13
14.607761,-90.565206,101,2017-10-0914:07:14
14.607761,-90.565206,92,2017-10-0914:07:15
14.607761,-90.565206,10,2017-10-0914:07:16
14.607761,-90.565206,143,2017-10-0914:07:17
14.607761,-90.565206,115,2017-10-0914:07:18
14.607761,-90.565206,141,2017-10-0914:07:19
14.607761,-90.565206,150,2017-10-0914:07:20
14.607761,-90.565206,13,2017-10-0914:07:21
14.607761,-90.565206,114,2017-10-0914:07:22
14.607761,-90.565206,120,2017-10-0914:07:23
14.607761,-90.565206,57,2017-10-0914:07:24
14.607761,-90.565206,99,2017-10-0914:07:25
14.607761,-90.565206,100,2017-10-0914:07:26
14.607761,-90.565206,98,2017-10-0914:07:27
14.607761,-90.565206,104,2017-10-0914:07:28
14.607761,-90.565206,120,2017-10-0914:07:29
14.607761,-90.565206,108,2017-10-0914:07:30
14.607761,-90.565206,8,2017-10-0914:07:31
14.607761,-90.565206,64,2017-10-0914:07:32
14.607761,-90.565206,78,2017-10-0914:07:33
14.607761,-90.565206,92,2017-10-0914:07:34
14.607761,-90.565206,52,2017-10-0914:07:35
14.607761,-90.565206,108,2017-10-0914:07:36
14.607761,-90.565206,57,2017-10-0914:07:37
14.607761,-90.565206,105,2017-10-0914:07:38
14.607761,-90.565206,124,2017-10-0914:07:39
14.607761,-90.565206,5,2017-10-0914:07:40
14.607761,-90.565206,127,2017-10-0914:07:41
14.607761,-90.565206,117,2017-10-0914:07:42
14.607761,-90.565206,87,2017-10-0914:07:43
14.607761,-90.565206,118,2017-10-0914:07:44
14.607761,-90.565206,92,2017-10-0914:07:45
14.607761,-90.565206,139,2017-10-0914:07:46
14.607761,-90.565206,149,2017-10-0914:07:47
14.607761,-90.565206,8,2017-10-0914:07:48
14.607761,-90.565206,120,2017-10-0914:07:49
14.607761,-90.565206,97,2017-10-0914:07:50
14.607761,-90.565206,145,2017-10-0914:07:51
14.6113862,-90.562768,83,2017-10-0914:07:52
14.6113862,-90.562768,14,2017-10-0914:07:53
14.6113862,-90.562768,140,2017-10-0914:07:54
14.6113862,-90.562768,147,2017-10-0914:07:55
14.6113862,-90.562768,93,2017-10-0914:07:56
14.6113862,-90.562768,94,2017-10-0914:07:57
14.6113862,-90.562768,10,2017-10-0914:07:58
14.6113862,-90.562768,6,2017-10-0914:07:59
14.6113862,-90.562768,98,2017-10-0914:08:00
14.6113862,-90.562768,58,2017-10-0914:08:01
14.6113862,-90.562768,73,2017-10-0914:08:02
14.6113862,-90.562768,12,2017-10-0914:08:03
14.6113862,-90.562768,55,2017-10-0914:08:04
14.6113862,-90.562768,140,2017-10-0914:08:05
14.6113862,-90.562768,134,2017-10-0914:08:06
14.6113862,-90.562768,77,2017-10-0914:08:07
14.6113862,-90.562768,89,2017-10-0914:08:08
14.6113862,-90.562768,135,2017-10-0914:08:09
14.6113862,-90.562768,77,2017-10-0914:08:10
14.6113862,-90.562768,97,2017-10-0914:08:11
14.6113862,-90.562768,10,2017-10-0914:08:12
14.6113862,-90.562768,9,2017-10-0914:08:13
14.6113862,-90.562768,51,2017-10-0914:08:14
14.6113862,-90.562768,11,2017-10-0914:08:15
14.6113862,-90.562768,120,2017-10-0914:08:16
14.6113862,-90.562768,79,2017-10-0914:08:17
14.6113862,-90.562768,105,2017-10-0914:08:18
14.6113862,-90.562768,11,2017-10-0914:08:19
14.6113862,-90.562768,55,2017-10-0914:08:20
14.6113862,-90.562768,135,2017-10-0914:08:21
14.6113862,-90.562768,109,2017-10-0914:08:22
14.6113862,-90.562768,87,2017-10-0914:08:23
14.6113862,-90.562768,103,2017-10-0914:08:24
14.6113862,-90.562768,130,2017-10-0914:08:25
14.6113862,-90.562768,61,2017-10-0914:08:26
14.6113862,-90.562768,128,2017-10-0914:08:27
14.621957, -90.5599197,130,2017-10-0914:08:28
14.621957, -90.5599197,119,2017-10-0914:08:29
14.621957, -90.5599197,74,2017-10-0914:08:30
14.621957, -90.5599197,9,2017-10-0914:08:31
14.621957, -90.5599197,98,2017-10-0914:08:32
14.621957, -90.5599197,124,2017-10-0914:08:33
14.621957, -90.5599197,69,2017-10-0914:08:34
14.621957, -90.5599197,107,2017-10-0914:08:35
14.621957, -90.5599197,50,2017-10-0914:08:36
14.621957, -90.5599197,72,2017-10-0914:08:37
14.621957, -90.5599197,118,2017-10-0914:08:38
14.621957, -90.5599197,67,2017-10-0914:08:39
14.621957, -90.5599197,90,2017-10-0914:08:40
14.621957, -90.5599197,95,2017-10-0914:08:41
14.621957, -90.5599197,111,2017-10-0914:08:42
14.621957, -90.5599197,105,2017-10-0914:08:43
14.621957, -90.5599197,98,2017-10-0914:08:44
14.621957, -90.5599197,132,2017-10-0914:08:45
14.621957, -90.5599197,94,2017-10-0914:08:46
14.621957, -90.5599197,128,2017-10-0914:08:47
14.621957, -90.5599197,113,2017-10-0914:08:48
14.621957, -90.5599197,80,2017-10-0914:08:49
14.621957, -90.5599197,80,2017-10-0914:08:50
14.621957, -90.5599197,65,2017-10-0914:08:51
14.621957, -90.5599197,124,2017-10-0914:08:52
14.621957, -90.5599197,65,2017-10-0914:08:53
14.621957, -90.5599197,113,2017-10-0914:08:54
14.621957, -90.5599197,74,2017-10-0914:08:55
14.621957, -90.5599197,84,2017-10-0914:08:56
14.621957, -90.5599197,140,2017-10-0914:08:57
14.621957, -90.5599197,75,2017-10-0914:08:58
14.621957, -90.5599197,13,2017-10-0914:08:59
14.621957, -90.5599197,97,2017-10-0914:09:00
14.621957, -90.5599197,110,2017-10-0914:09:01
14.621957, -90.5599197,74,2017-10-0914:09:02
14.621957, -90.5599197,125,2017-10-0914:09:03
14.622995, -90.5605637,68,2017-10-0914:09:04
14.622995, -90.5605637,114,2017-10-0914:09:05
14.622995, -90.5605637,64,2017-10-0914:09:06
14.622995, -90.5605637,80,2017-10-0914:09:07
14.622995, -90.5605637,131,2017-10-0914:09:08
14.622995, -90.5605637,139,2017-10-0914:09:09
14.622995, -90.5605637,120,2017-10-0914:09:10
14.622995, -90.5605637,105,2017-10-0914:09:11
14.622995, -90.5605637,98,2017-10-0914:09:12
14.622995, -90.5605637,127,2017-10-0914:09:13
14.622995, -90.5605637,78,2017-10-0914:09:14
14.622995, -90.5605637,57,2017-10-0914:09:15
14.622995, -90.5605637,75,2017-10-0914:09:16
14.622995, -90.5605637,88,2017-10-0914:09:17
14.622995, -90.5605637,139,2017-10-0914:09:18
14.622995, -90.5605637,88,2017-10-0914:09:19
14.622995, -90.5605637,114,2017-10-0914:09:20
14.622995, -90.5605637,71,2017-10-0914:09:21
14.622995, -90.5605637,115,2017-10-0914:09:22
14.622995, -90.5605637,112,2017-10-0914:09:23
14.622995, -90.5605637,147,2017-10-0914:09:24
14.622995, -90.5605637,134,2017-10-0914:09:25
14.622995, -90.5605637,98,2017-10-0914:09:26
14.622995, -90.5605637,9,2017-10-0914:09:27
14.622995, -90.5605637,118,2017-10-0914:09:28
14.622995, -90.5605637,82,2017-10-0914:09:29
14.622995, -90.5605637,11,2017-10-0914:09:30
14.622995, -90.5605637,109,2017-10-0914:09:31
14.622995, -90.5605637,102,2017-10-0914:09:32
14.622995, -90.5605637,67,2017-10-0914:09:33
14.622995, -90.5605637,83,2017-10-0914:09:34
14.622995, -90.5605637,6,2017-10-0914:09:35
14.622995, -90.5605637,112,2017-10-0914:09:36
14.622995, -90.5605637,81,2017-10-0914:09:37
14.622995, -90.5605637,97,2017-10-0914:09:38
14.622995, -90.5605637,6,2017-10-0914:09:39
14.622995, -90.5605637,129,2017-10-0914:09:40
14.622995, -90.5605637,144,2017-10-0914:09:41
14.622995, -90.5605637,102,2017-10-0914:09:42
14.622995, -90.5605637,72,2017-10-0914:09:43
14.622995, -90.5605637,143,2017-10-0914:09:44
14.622995, -90.5605637,79,2017-10-0914:09:45
14.622995, -90.5605637,72,2017-10-0914:09:46
14.622995, -90.5605637,85,2017-10-0914:09:47
14.622995, -90.5605637,68,2017-10-0914:09:48
14.622995, -90.5605637,142,2017-10-0914:09:49
14.622995, -90.5605637,131,2017-10-0914:09:50
14.622995, -90.5605637,144,2017-10-0914:09:51
14.622995, -90.5605637,50,2017-10-0914:09:52
14.622995, -90.5605637,141,2017-10-0914:09:53
14.622995, -90.5605637,100,2017-10-0914:09:54
14.622995, -90.5605637,65,2017-10-0914:09:55
14.622995, -90.5605637,132,2017-10-0914:09:56
14.622995, -90.5605637,11,2017-10-0914:09:57
14.622995, -90.5605637,63,2017-10-0914:09:58
14.622995, -90.5605637,5,2017-10-0914:09:59
14.622995, -90.5605637,80,2017-10-0914:10:00
14.622995, -90.5605637,110,2017-10-0914:10:01
14.622995, -90.5605637,141,2017-10-0914:10:02
14.622995, -90.5605637,125,2017-10-0914:10:03
14.622995, -90.5605637,88,2017-10-0914:10:04
14.622995, -90.5605637,123,2017-10-0914:10:05
14.622995, -90.5605637,50,2017-10-0914:10:06
14.622995, -90.5605637,149,2017-10-0914:10:07
14.622995, -90.5605637,13,2017-10-0914:10:08
14.622995, -90.5605637,90,2017-10-0914:10:09
14.622995, -90.5605637,117,2017-10-0914:10:10
14.622995, -90.5605637,95,2017-10-0914:10:11
14.622995, -90.5605637,111,2017-10-0914:10:12
14.622995, -90.5605637,108,2017-10-0914:10:13
14.622995, -90.5605637,53,2017-10-0914:10:14
14.622995, -90.5605637,131,2017-10-0914:10:15
14.624407, -90.5613787,79,2017-10-0914:10:16
14.624407, -90.5613787,127,2017-10-0914:10:17
14.624407, -90.5613787,58,2017-10-0914:10:18
14.624407, -90.5613787,94,2017-10-0914:10:19
14.624407, -90.5613787,105,2017-10-0914:10:20
14.624407, -90.5613787,65,2017-10-0914:10:21
14.624407, -90.5613787,71,2017-10-0914:10:22
14.624407, -90.5613787,8,2017-10-0914:10:23
14.624407, -90.5613787,142,2017-10-0914:10:24
14.624407, -90.5613787,117,2017-10-0914:10:25
14.624407, -90.5613787,145,2017-10-0914:10:26
14.624407, -90.5613787,110,2017-10-0914:10:27
14.624407, -90.5613787,99,2017-10-0914:10:28
14.624407, -90.5613787,78,2017-10-0914:10:29
14.624407, -90.5613787,9,2017-10-0914:10:30
14.624407, -90.5613787,101,2017-10-0914:10:31
14.624407, -90.5613787,50,2017-10-0914:10:32
14.624407, -90.5613787,80,2017-10-0914:10:33
14.624407, -90.5613787,104,2017-10-0914:10:34
14.624407, -90.5613787,95,2017-10-0914:10:35
14.624407, -90.5613787,99,2017-10-0914:10:36
14.624407, -90.5613787,105,2017-10-0914:10:37
14.624407, -90.5613787,71,2017-10-0914:10:38
14.624407, -90.5613787,119,2017-10-0914:10:39
14.624407, -90.5613787,59,2017-10-0914:10:40
14.624407, -90.5613787,6,2017-10-0914:10:41
14.624407, -90.5613787,83,2017-10-0914:10:42
14.624407, -90.5613787,105,2017-10-0914:10:43
14.624407, -90.5613787,59,2017-10-0914:10:44
14.624407, -90.5613787,124,2017-10-0914:10:45
14.624407, -90.5613787,134,2017-10-0914:10:46
14.624407, -90.5613787,88,2017-10-0914:10:47
14.624407, -90.5613787,92,2017-10-0914:10:48
14.624407, -90.5613787,132,2017-10-0914:10:49
14.624407, -90.5613787,6,2017-10-0914:10:50
14.624407, -90.5613787,132,2017-10-0914:10:51
14.62504, -90.5616257,11,2017-10-0914:10:52
14.62504, -90.5616257,68,2017-10-0914:10:53
14.62504, -90.5616257,97,2017-10-0914:10:54
14.62504, -90.5616257,71,2017-10-0914:10:55
14.62504, -90.5616257,127,2017-10-0914:10:56
14.62504, -90.5616257,85,2017-10-0914:10:57
14.62504, -90.5616257,58,2017-10-0914:10:58
14.62504, -90.5616257,64,2017-10-0914:10:59
14.62504, -90.5616257,5,2017-10-0914:11:00
14.62504, -90.5616257,51,2017-10-0914:11:01
14.62504, -90.5616257,135,2017-10-0914:11:02
14.62504, -90.5616257,91,2017-10-0914:11:03
14.62504, -90.5616257,120,2017-10-0914:11:04
14.62504, -90.5616257,127,2017-10-0914:11:05
14.62504, -90.5616257,83,2017-10-0914:11:06
14.62504, -90.5616257,147,2017-10-0914:11:07
14.62504, -90.5616257,150,2017-10-0914:11:08
14.62504, -90.5616257,53,2017-10-0914:11:09
14.62504, -90.5616257,117,2017-10-0914:11:10
14.62504, -90.5616257,98,2017-10-0914:11:11
14.62504, -90.5616257,132,2017-10-0914:11:12
14.62504, -90.5616257,143,2017-10-0914:11:13
14.62504, -90.5616257,131,2017-10-0914:11:14
14.62504, -90.5616257,93,2017-10-0914:11:15
14.62504, -90.5616257,77,2017-10-0914:11:16
14.62504, -90.5616257,61,2017-10-0914:11:17
14.62504, -90.5616257,83,2017-10-0914:11:18
14.62504, -90.5616257,95,2017-10-0914:11:19
14.62504, -90.5616257,13,2017-10-0914:11:20
14.62504, -90.5616257,84,2017-10-0914:11:21
14.62504, -90.5616257,111,2017-10-0914:11:22
14.62504, -90.5616257,63,2017-10-0914:11:23
14.62504, -90.5616257,83,2017-10-0914:11:24
14.62504, -90.5616257,62,2017-10-0914:11:25
14.62504, -90.5616257,83,2017-10-0914:11:26
14.62504, -90.5616257,124,2017-10-0914:11:27
14.6254788 , -90.5615587 ,72,2017-10-0914:11:28
14.6254788 , -90.5615587 ,132,2017-10-0914:11:29
14.6254788 , -90.5615587 ,118,2017-10-0914:11:30
14.6254788 , -90.5615587 ,61,2017-10-0914:11:31
14.6254788 , -90.5615587 ,79,2017-10-0914:11:32
14.6254788 , -90.5615587 ,9,2017-10-0914:11:33
14.6254788 , -90.5615587 ,68,2017-10-0914:11:34
14.6254788 , -90.5615587 ,87,2017-10-0914:11:35
14.6254788 , -90.5615587 ,100,2017-10-0914:11:36
14.6254788 , -90.5615587 ,120,2017-10-0914:11:37
14.6254788 , -90.5615587 ,132,2017-10-0914:11:38
14.6254788 , -90.5615587 ,64,2017-10-0914:11:39
14.6254788 , -90.5615587 ,55,2017-10-0914:11:40
14.6254788 , -90.5615587 ,134,2017-10-0914:11:41
14.6254788 , -90.5615587 ,57,2017-10-0914:11:42
14.6254788 , -90.5615587 ,12,2017-10-0914:11:43
14.6254788 , -90.5615587 ,122,2017-10-0914:11:44
14.6254788 , -90.5615587 ,60,2017-10-0914:11:45
14.6254788 , -90.5615587 ,89,2017-10-0914:11:46
14.6254788 , -90.5615587 ,117,2017-10-0914:11:47
14.6254788 , -90.5615587 ,5,2017-10-0914:11:48
14.6254788 , -90.5615587 ,138,2017-10-0914:11:49
14.6254788 , -90.5615587 ,59,2017-10-0914:11:50
14.6254788 , -90.5615587 ,104,2017-10-0914:11:51
14.6254788 , -90.5615587 ,130,2017-10-0914:11:52
14.6254788 , -90.5615587 ,77,2017-10-0914:11:53
14.6254788 , -90.5615587 ,82,2017-10-0914:11:54
14.6254788 , -90.5615587 ,94,2017-10-0914:11:55
14.6254788 , -90.5615587 ,124,2017-10-0914:11:56
14.6254788 , -90.5615587 ,138,2017-10-0914:11:57
14.6254788 , -90.5615587 ,94,2017-10-0914:11:58
14.6254788 , -90.5615587 ,119,2017-10-0914:11:59
14.6254788 , -90.5615587 ,115,2017-10-0914:12:00
14.6254788 , -90.5615587 ,83,2017-10-0914:12:01
14.6254788 , -90.5615587 ,9,2017-10-0914:12:02
14.6254788 , -90.5615587 ,84,2017-10-0914:12:03
14.625842, -90.5613117,142,2017-10-0914:12:04
14.625842, -90.5613117,60,2017-10-0914:12:05
14.625842, -90.5613117,57,2017-10-0914:12:06
14.625842, -90.5613117,119,2017-10-0914:12:07
14.625842, -90.5613117,54,2017-10-0914:12:08
14.625842, -90.5613117,82,2017-10-0914:12:09
14.625842, -90.5613117,105,2017-10-0914:12:10
14.625842, -90.5613117,64,2017-10-0914:12:11
14.625842, -90.5613117,67,2017-10-0914:12:12
14.625842, -90.5613117,90,2017-10-0914:12:13
14.625842, -90.5613117,139,2017-10-0914:12:14
14.625842, -90.5613117,121,2017-10-0914:12:15
14.625842, -90.5613117,58,2017-10-0914:12:16
14.625842, -90.5613117,115,2017-10-0914:12:17
14.625842, -90.5613117,62,2017-10-0914:12:18
14.625842, -90.5613117,132,2017-10-0914:12:19
14.625842, -90.5613117,150,2017-10-0914:12:20
14.625842, -90.5613117,117,2017-10-0914:12:21
14.625842, -90.5613117,114,2017-10-0914:12:22
14.625842, -90.5613117,5,2017-10-0914:12:23
14.625842, -90.5613117,150,2017-10-0914:12:24
14.625842, -90.5613117,62,2017-10-0914:12:25
14.625842, -90.5613117,120,2017-10-0914:12:26
14.625842, -90.5613117,105,2017-10-0914:12:27
14.625842, -90.5613117,67,2017-10-0914:12:28
14.625842, -90.5613117,59,2017-10-0914:12:29
14.625842, -90.5613117,128,2017-10-0914:12:30
14.625842, -90.5613117,68,2017-10-0914:12:31
14.625842, -90.5613117,121,2017-10-0914:12:32
14.625842, -90.5613117,119,2017-10-0914:12:33
14.625842, -90.5613117,69,2017-10-0914:12:34
14.625842, -90.5613117,115,2017-10-0914:12:35
14.625842, -90.5613117,142,2017-10-0914:12:36
14.625842, -90.5613117,149,2017-10-0914:12:37
14.625842, -90.5613117,10,2017-10-0914:12:38
14.625842, -90.5613117,103,2017-10-0914:12:39
14.626143, -90.5608937,110,2017-10-0914:12:40
14.626143, -90.5608937,109,2017-10-0914:12:41
14.626143, -90.5608937,73,2017-10-0914:12:42
14.626143, -90.5608937,73,2017-10-0914:12:43
14.626143, -90.5608937,104,2017-10-0914:12:44
14.626143, -90.5608937,70,2017-10-0914:12:45
14.626143, -90.5608937,125,2017-10-0914:12:46
14.626143, -90.5608937,58,2017-10-0914:12:47
14.626143, -90.5608937,133,2017-10-0914:12:48
14.626143, -90.5608937,73,2017-10-0914:12:49
14.626143, -90.5608937,7,2017-10-0914:12:50
14.626143, -90.5608937,140,2017-10-0914:12:51
14.626143, -90.5608937,8,2017-10-0914:12:52
14.626143, -90.5608937,63,2017-10-0914:12:53
14.626143, -90.5608937,88,2017-10-0914:12:54
14.626143, -90.5608937,11,2017-10-0914:12:55
14.626143, -90.5608937,145,2017-10-0914:12:56
14.626143, -90.5608937,108,2017-10-0914:12:57
14.626143, -90.5608937,58,2017-10-0914:12:58
14.626143, -90.5608937,77,2017-10-0914:12:59
14.626143, -90.5608937,10,2017-10-0914:13:00
14.626143, -90.5608937,10,2017-10-0914:13:01
14.626143, -90.5608937,103,2017-10-0914:13:02
14.626143, -90.5608937,105,2017-10-0914:13:03
14.626143, -90.5608937,71,2017-10-0914:13:04
14.626143, -90.5608937,52,2017-10-0914:13:05
14.626143, -90.5608937,72,2017-10-0914:13:06
14.626143, -90.5608937,142,2017-10-0914:13:07
14.626143, -90.5608937,90,2017-10-0914:13:08
14.626143, -90.5608937,120,2017-10-0914:13:09
14.626143, -90.5608937,144,2017-10-0914:13:10
14.626143, -90.5608937,94,2017-10-0914:13:11
14.626143, -90.5608937,145,2017-10-0914:13:12
14.626143, -90.5608937,14,2017-10-0914:13:13
14.626143, -90.5608937,65,2017-10-0914:13:14
14.626143, -90.5608937,144,2017-10-0914:13:15
14.626558, -90.5592413,131,2017-10-0914:13:16
14.626558, -90.5592413,103,2017-10-0914:13:17
14.626558, -90.5592413,104,2017-10-0914:13:18
14.626558, -90.5592413,123,2017-10-0914:13:19
14.626558, -90.5592413,90,2017-10-0914:13:20
14.626558, -90.5592413,80,2017-10-0914:13:21
14.626558, -90.5592413,127,2017-10-0914:13:22
14.626558, -90.5592413,109,2017-10-0914:13:23
14.626558, -90.5592413,110,2017-10-0914:13:24
14.626558, -90.5592413,109,2017-10-0914:13:25
14.626558, -90.5592413,138,2017-10-0914:13:26
14.626558, -90.5592413,69,2017-10-0914:13:27
14.626558, -90.5592413,54,2017-10-0914:13:28
14.626558, -90.5592413,64,2017-10-0914:13:29
14.626558, -90.5592413,111,2017-10-0914:13:30
14.626558, -90.5592413,81,2017-10-0914:13:31
14.626558, -90.5592413,145,2017-10-0914:13:32
14.626558, -90.5592413,131,2017-10-0914:13:33
14.626558, -90.5592413,70,2017-10-0914:13:34
14.626558, -90.5592413,82,2017-10-0914:13:35
14.626558, -90.5592413,144,2017-10-0914:13:36
14.626558, -90.5592413,52,2017-10-0914:13:37
14.626558, -90.5592413,142,2017-10-0914:13:38
14.626558, -90.5592413,148,2017-10-0914:13:39
14.626558, -90.5592413,135,2017-10-0914:13:40
14.626558, -90.5592413,87,2017-10-0914:13:41
14.626558, -90.5592413,114,2017-10-0914:13:42
14.626558, -90.5592413,71,2017-10-0914:13:43
14.626558, -90.5592413,113,2017-10-0914:13:44
14.626558, -90.5592413,109,2017-10-0914:13:45
14.626558, -90.5592413,102,2017-10-0914:13:46
14.626558, -90.5592413,93,2017-10-0914:13:47
14.626558, -90.5592413,144,2017-10-0914:13:48
14.626558, -90.5592413,135,2017-10-0914:13:49
14.626558, -90.5592413,135,2017-10-0914:13:50
14.626558, -90.5592413,127,2017-10-0914:13:51
14.607287,-90.5655182,92,2017-10-0914:13:52
14.607287, -90.5655182,64,2017-10-0914:13:53
14.607287,-90.5655182,13,2017-10-0914:13:54
14.607287, -90.5655182,98,2017-10-0914:13:55
14.607287, -90.5655182,110,2017-10-0914:13:56
14.607287,-90.5655182,143,2017-10-0914:13:57
14.607287, -90.5655182,55,2017-10-0914:13:58
14.607287,-90.5655182,80,2017-10-0914:13:59
14.607287, -90.5655182,67,2017-10-0914:14:00
14.607287, -90.5655182,98,2017-10-0914:14:01
14.607287,-90.5655182,50,2017-10-0914:14:02
14.607287, -90.5655182,63,2017-10-0914:14:03
14.607287,-90.5655182,147,2017-10-0914:14:04
14.607287, -90.5655182,88,2017-10-0914:14:05
14.607287, -90.5655182,9,2017-10-0914:14:06
14.607287,-90.5655182,133,2017-10-0914:14:07
14.607287, -90.5655182,87,2017-10-0914:14:08
14.607287,-90.5655182,120,2017-10-0914:14:09
14.607287, -90.5655182,150,2017-10-0914:14:10
14.607287, -90.5655182,82,2017-10-0914:14:11
14.607287,-90.5655182,94,2017-10-0914:14:12
14.607287, -90.5655182,95,2017-10-0914:14:13
14.607287,-90.5655182,100,2017-10-0914:14:14
14.607287, -90.5655182,148,2017-10-0914:14:15
14.607287, -90.5655182,102,2017-10-0914:14:16
14.607287,-90.5655182,128,2017-10-0914:14:17
14.607287, -90.5655182,64,2017-10-0914:14:18
14.607287,-90.5655182,67,2017-10-0914:14:19
14.607287, -90.5655182,79,2017-10-0914:14:20
14.607287, -90.5655182,104,2017-10-0914:14:21
14.607287,-90.5655182,137,2017-10-0914:14:22
14.607287, -90.5655182,129,2017-10-0914:14:23
14.607287,-90.5655182,139,2017-10-0914:14:24
14.607287, -90.5655182,8,2017-10-0914:14:25
14.607287, -90.5655182,61,2017-10-0914:14:26
14.607287,-90.5655182,71,2017-10-0914:14:27
14.607287, -90.5655182,117,2017-10-0914:14:28
14.607287,-90.5655182,65,2017-10-0914:14:29
14.607287, -90.5655182,150,2017-10-0914:14:30
14.607287, -90.5655182,101,2017-10-0914:14:31
14.607287,-90.5655182,9,2017-10-0914:14:32
14.607287, -90.5655182,68,2017-10-0914:14:33
14.607287,-90.5655182,51,2017-10-0914:14:34
14.607287, -90.5655182,110,2017-10-0914:14:35
14.607287, -90.5655182,147,2017-10-0914:14:36
14.607287,-90.5655182,10,2017-10-0914:14:37
14.607287, -90.5655182,102,2017-10-0914:14:38
14.607287,-90.5655182,122,2017-10-0914:14:39
14.607287, -90.5655182,94,2017-10-0914:14:40
14.607287, -90.5655182,74,2017-10-0914:14:41
14.607287,-90.5655182,14,2017-10-0914:14:42
14.607287, -90.5655182,92,2017-10-0914:14:43
14.607287,-90.5655182,150,2017-10-0914:14:44
14.607287, -90.5655182,131,2017-10-0914:14:45
14.607287, -90.5655182,144,2017-10-0914:14:46
14.607287,-90.5655182,82,2017-10-0914:14:47
14.607287, -90.5655182,8,2017-10-0914:14:48
14.607287,-90.5655182,93,2017-10-0914:14:49
14.607287, -90.5655182,77,2017-10-0914:14:50
14.607287, -90.5655182,143,2017-10-0914:14:51
14.607287,-90.5655182,65,2017-10-0914:14:52
14.607287, -90.5655182,145,2017-10-0914:14:53
14.607287,-90.5655182,113,2017-10-0914:14:54
14.607287, -90.5655182,75,2017-10-0914:14:55
14.607287, -90.5655182,84,2017-10-0914:14:56
14.607287,-90.5655182,62,2017-10-0914:14:57
14.607287, -90.5655182,64,2017-10-0914:14:58
14.607287,-90.5655182,70,2017-10-0914:14:59
14.607287, -90.5655182,125,2017-10-0914:15:00
14.607287, -90.5655182,72,2017-10-0914:15:01
14.607287,-90.5655182,143,2017-10-0914:15:02
14.607287, -90.5655182,113,2017-10-0914:15:03
14.607287,-90.5655182,58,2017-10-0914:15:04
14.607287, -90.5655182,102,2017-10-0914:15:05
14.607287, -90.5655182,54,2017-10-0914:15:06
14.607287,-90.5655182,63,2017-10-0914:15:07
14.607287, -90.5655182,113,2017-10-0914:15:08
14.607287,-90.5655182,149,2017-10-0914:15:09
14.607287, -90.5655182,98,2017-10-0914:15:10
14.607287, -90.5655182,115,2017-10-0914:15:11
14.607287,-90.5655182,83,2017-10-0914:15:12
14.607287, -90.5655182,121,2017-10-0914:15:13
14.607287,-90.5655182,111,2017-10-0914:15:14
14.607287, -90.5655182,112,2017-10-0914:15:15
14.607287, -90.5655182,11,2017-10-0914:15:16
14.607287,-90.5655182,69,2017-10-0914:15:17
14.607287, -90.5655182,73,2017-10-0914:15:18
14.607287,-90.5655182,122,2017-10-0914:15:19
14.607287, -90.5655182,52,2017-10-0914:15:20
14.607287, -90.5655182,8,2017-10-0914:15:21
14.607287,-90.5655182,81,2017-10-0914:15:22
14.607287, -90.5655182,110,2017-10-0914:15:23
14.607287,-90.5655182,142,2017-10-0914:15:24
14.607287, -90.5655182,12,2017-10-0914:15:25
14.607287, -90.5655182,64,2017-10-0914:15:26
14.607287,-90.5655182,104,2017-10-0914:15:27
14.607287, -90.5655182,119,2017-10-0914:15:28
14.607287,-90.5655182,77,2017-10-0914:15:29
14.607287, -90.5655182,134,2017-10-0914:15:30
14.607287, -90.5655182,134,2017-10-0914:15:31
14.607287,-90.5655182,67,2017-10-0914:15:32
14.607287, -90.5655182,74,2017-10-0914:15:33
14.607287,-90.5655182,90,2017-10-0914:15:34
14.607287, -90.5655182,130,2017-10-0914:15:35
14.607287, -90.5655182,147,2017-10-0914:15:36
14.607287,-90.5655182,11,2017-10-0914:15:37
14.607287, -90.5655182,134,2017-10-0914:15:38
14.607287,-90.5655182,115,2017-10-0914:15:39
14.607287, -90.5655182,93,2017-10-0914:15:40
14.607287, -90.5655182,108,2017-10-0914:15:41
14.607287,-90.5655182,88,2017-10-0914:15:42
14.607287, -90.5655182,127,2017-10-0914:15:43
14.607287,-90.5655182,63,2017-10-0914:15:44
14.607287, -90.5655182,91,2017-10-0914:15:45
14.607287, -90.5655182,52,2017-10-0914:15:46
14.607287,-90.5655182,118,2017-10-0914:15:47
14.607287, -90.5655182,114,2017-10-0914:15:48
14.607287,-90.5655182,8,2017-10-0914:15:49
14.607287, -90.5655182,61,2017-10-0914:15:50
14.607287, -90.5655182,57,2017-10-0914:15:51
14.607287,-90.5655182,143,2017-10-0914:15:52
14.607287, -90.5655182,92,2017-10-0914:15:53
14.607287,-90.5655182,81,2017-10-0914:15:54
14.607287, -90.5655182,82,2017-10-0914:15:55
14.607287, -90.5655182,60,2017-10-0914:15:56
14.607287,-90.5655182,123,2017-10-0914:15:57
14.607287, -90.5655182,128,2017-10-0914:15:58
14.607287,-90.5655182,149,2017-10-0914:15:59
14.607287, -90.5655182,138,2017-10-0914:16:00
14.607287, -90.5655182,12,2017-10-0914:16:01
14.607287,-90.5655182,75,2017-10-0914:16:02
14.607287, -90.5655182,73,2017-10-0914:16:03
14.607287,-90.5655182,80,2017-10-0914:16:04
14.607287, -90.5655182,70,2017-10-0914:16:05
14.607287, -90.5655182,77,2017-10-0914:16:06
14.607287,-90.5655182,10,2017-10-0914:16:07
14.607287, -90.5655182,149,2017-10-0914:16:08
14.607287,-90.5655182,67,2017-10-0914:16:09
14.607287, -90.5655182,84,2017-10-0914:16:10
14.607287, -90.5655182,129,2017-10-0914:16:11
14.607287,-90.5655182,52,2017-10-0914:16:12
14.607287, -90.5655182,145,2017-10-0914:16:13
14.607287,-90.5655182,10,2017-10-0914:16:14
14.607287, -90.5655182,77,2017-10-0914:16:15
14.607287, -90.5655182,100,2017-10-0914:16:16
14.607287,-90.5655182,148,2017-10-0914:16:17
14.607287, -90.5655182,102,2017-10-0914:16:18
14.607287,-90.5655182,10,2017-10-0914:16:19
14.607287, -90.5655182,8,2017-10-0914:16:20
14.607287, -90.5655182,51,2017-10-0914:16:21
14.607287,-90.5655182,78,2017-10-0914:16:22
14.607287, -90.5655182,125,2017-10-0914:16:23
14.607287,-90.5655182,7,2017-10-0914:16:24
14.607287, -90.5655182,145,2017-10-0914:16:25
14.607287, -90.5655182,118,2017-10-0914:16:26
14.607287,-90.5655182,110,2017-10-0914:16:27
14.607287, -90.5655182,117,2017-10-0914:16:28
14.607287,-90.5655182,102,2017-10-0914:16:29
14.607287, -90.5655182,78,2017-10-0914:16:30
14.607287, -90.5655182,103,2017-10-0914:16:31
14.607287,-90.5655182,131,2017-10-0914:16:32
14.607287, -90.5655182,145,2017-10-0914:16:33
14.607287,-90.5655182,91,2017-10-0914:16:34
14.607287, -90.5655182,51,2017-10-0914:16:35
14.607287, -90.5655182,73,2017-10-0914:16:36
14.607287,-90.5655182,81,2017-10-0914:16:37
14.607287, -90.5655182,124,2017-10-0914:16:38
14.607287,-90.5655182,148,2017-10-0914:16:39
14.607287, -90.5655182,115,2017-10-0914:16:40
14.607287, -90.5655182,84,2017-10-0914:16:41
14.607287,-90.5655182,118,2017-10-0914:16:42
14.607287, -90.5655182,95,2017-10-0914:16:43
14.607287,-90.5655182,102,2017-10-0914:16:44
14.607287, -90.5655182,69,2017-10-0914:16:45
14.607287, -90.5655182,148,2017-10-0914:16:46
14.607287,-90.5655182,113,2017-10-0914:16:47
14.607287, -90.5655182,11,2017-10-0914:16:48
14.607287,-90.5655182,59,2017-10-0914:16:49
14.607287, -90.5655182,94,2017-10-0914:16:50
14.607287, -90.5655182,120,2017-10-0914:16:51
14.607761,-90.565206,145,2017-10-0914:16:52
14.607761,-90.565206,115,2017-10-0914:16:53
14.607761,-90.565206,69,2017-10-0914:16:54
14.607761,-90.565206,149,2017-10-0914:16:55
14.607761,-90.565206,121,2017-10-0914:16:56
14.607761,-90.565206,63,2017-10-0914:16:57
14.607761,-90.565206,51,2017-10-0914:16:58
14.607761,-90.565206,72,2017-10-0914:16:59
14.607761,-90.565206,72,2017-10-0914:17:00
14.607761,-90.565206,54,2017-10-0914:17:01
14.607761,-90.565206,9,2017-10-0914:17:02
14.607761,-90.565206,115,2017-10-0914:17:03
14.607761,-90.565206,53,2017-10-0914:17:04
14.607761,-90.565206,130,2017-10-0914:17:05
14.607761,-90.565206,68,2017-10-0914:17:06
14.607761,-90.565206,123,2017-10-0914:17:07
14.607761,-90.565206,10,2017-10-0914:17:08
14.607761,-90.565206,10,2017-10-0914:17:09
14.607761,-90.565206,101,2017-10-0914:17:10
14.607761,-90.565206,14,2017-10-0914:17:11
14.607761,-90.565206,115,2017-10-0914:17:12
14.607761,-90.565206,62,2017-10-0914:17:13
14.607761,-90.565206,57,2017-10-0914:17:14
14.607761,-90.565206,115,2017-10-0914:17:15
14.607761,-90.565206,109,2017-10-0914:17:16
14.607761,-90.565206,103,2017-10-0914:17:17
14.607761,-90.565206,129,2017-10-0914:17:18
14.607761,-90.565206,137,2017-10-0914:17:19
14.607761,-90.565206,5,2017-10-0914:17:20
14.607761,-90.565206,85,2017-10-0914:17:21
14.607761,-90.565206,125,2017-10-0914:17:22
14.607761,-90.565206,97,2017-10-0914:17:23
14.607761,-90.565206,67,2017-10-0914:17:24
14.607761,-90.565206,97,2017-10-0914:17:25
14.607761,-90.565206,123,2017-10-0914:17:26
14.607761,-90.565206,135,2017-10-0914:17:27
14.607761,-90.565206,131,2017-10-0914:17:28
14.607761,-90.565206,73,2017-10-0914:17:29
14.607761,-90.565206,141,2017-10-0914:17:30
14.607761,-90.565206,91,2017-10-0914:17:31
14.607761,-90.565206,91,2017-10-0914:17:32
14.607761,-90.565206,75,2017-10-0914:17:33
14.607761,-90.565206,95,2017-10-0914:17:34
14.607761,-90.565206,120,2017-10-0914:17:35
14.607761,-90.565206,72,2017-10-0914:17:36
14.607761,-90.565206,140,2017-10-0914:17:37
14.607761,-90.565206,65,2017-10-0914:17:38
14.607761,-90.565206,88,2017-10-0914:17:39
14.607761,-90.565206,147,2017-10-0914:17:40
14.607761,-90.565206,150,2017-10-0914:17:41
14.607761,-90.565206,113,2017-10-0914:17:42
14.607761,-90.565206,59,2017-10-0914:17:43
14.607761,-90.565206,110,2017-10-0914:17:44
14.607761,-90.565206,118,2017-10-0914:17:45
14.607761,-90.565206,133,2017-10-0914:17:46
14.607761,-90.565206,115,2017-10-0914:17:47
14.607761,-90.565206,6,2017-10-0914:17:48
14.607761,-90.565206,91,2017-10-0914:17:49
14.607761,-90.565206,140,2017-10-0914:17:50
14.607761,-90.565206,104,2017-10-0914:17:51
14.607761,-90.565206,63,2017-10-0914:17:52
14.607761,-90.565206,50,2017-10-0914:17:53
14.607761,-90.565206,107,2017-10-0914:17:54
14.607761,-90.565206,73,2017-10-0914:17:55
14.607761,-90.565206,144,2017-10-0914:17:56
14.607761,-90.565206,143,2017-10-0914:17:57
14.607761,-90.565206,10,2017-10-0914:17:58
14.607761,-90.565206,149,2017-10-0914:17:59
14.607761,-90.565206,140,2017-10-0914:18:00
14.607761,-90.565206,115,2017-10-0914:18:01
14.607761,-90.565206,134,2017-10-0914:18:02
14.607761,-90.565206,75,2017-10-0914:18:03
14.607761,-90.565206,88,2017-10-0914:18:04
14.607761,-90.565206,81,2017-10-0914:18:05
14.607761,-90.565206,55,2017-10-0914:18:06
14.607761,-90.565206,139,2017-10-0914:18:07
14.607761,-90.565206,69,2017-10-0914:18:08
14.607761,-90.565206,67,2017-10-0914:18:09
14.607761,-90.565206,71,2017-10-0914:18:10
14.607761,-90.565206,10,2017-10-0914:18:11
14.607761,-90.565206,139,2017-10-0914:18:12
14.607761,-90.565206,150,2017-10-0914:18:13
14.607761,-90.565206,104,2017-10-0914:18:14
14.607761,-90.565206,64,2017-10-0914:18:15
14.607761,-90.565206,51,2017-10-0914:18:16
14.607761,-90.565206,89,2017-10-0914:18:17
14.607761,-90.565206,99,2017-10-0914:18:18
14.607761,-90.565206,139,2017-10-0914:18:19
14.607761,-90.565206,104,2017-10-0914:18:20
14.607761,-90.565206,131,2017-10-0914:18:21
14.607761,-90.565206,147,2017-10-0914:18:22
14.607761,-90.565206,61,2017-10-0914:18:23
14.607761,-90.565206,73,2017-10-0914:18:24
14.607761,-90.565206,7,2017-10-0914:18:25
14.607761,-90.565206,123,2017-10-0914:18:26
14.607761,-90.565206,140,2017-10-0914:18:27
14.607761,-90.565206,69,2017-10-0914:18:28
14.607761,-90.565206,63,2017-10-0914:18:29
14.607761,-90.565206,135,2017-10-0914:18:30
14.607761,-90.565206,100,2017-10-0914:18:31
14.607761,-90.565206,129,2017-10-0914:18:32
14.607761,-90.565206,91,2017-10-0914:18:33
14.607761,-90.565206,72,2017-10-0914:18:34
14.607761,-90.565206,102,2017-10-0914:18:35
14.607761,-90.565206,117,2017-10-0914:18:36
14.607761,-90.565206,84,2017-10-0914:18:37
14.607761,-90.565206,89,2017-10-0914:18:38
14.607761,-90.565206,92,2017-10-0914:18:39
14.6113862,-90.562768,61,2017-10-0914:18:40
14.6113862,-90.562768,148,2017-10-0914:18:41
14.6113862,-90.562768,144,2017-10-0914:18:42
14.6113862,-90.562768,74,2017-10-0914:18:43
14.6113862,-90.562768,11,2017-10-0914:18:44
14.6113862,-90.562768,125,2017-10-0914:18:45
14.6113862,-90.562768,70,2017-10-0914:18:46
14.6113862,-90.562768,107,2017-10-0914:18:47
14.6113862,-90.562768,65,2017-10-0914:18:48
14.6113862,-90.562768,58,2017-10-0914:18:49
14.6113862,-90.562768,117,2017-10-0914:18:50
14.6113862,-90.562768,75,2017-10-0914:18:51
14.6113862,-90.562768,93,2017-10-0914:18:52
14.6113862,-90.562768,73,2017-10-0914:18:53
14.6113862,-90.562768,148,2017-10-0914:18:54
14.6113862,-90.562768,120,2017-10-0914:18:55
14.6113862,-90.562768,95,2017-10-0914:18:56
14.6113862,-90.562768,149,2017-10-0914:18:57
14.6113862,-90.562768,81,2017-10-0914:18:58
14.6113862,-90.562768,88,2017-10-0914:18:59
14.6113862,-90.562768,92,2017-10-0914:19:00
14.6113862,-90.562768,88,2017-10-0914:19:01
14.6113862,-90.562768,82,2017-10-0914:19:02
14.6113862,-90.562768,111,2017-10-0914:19:03
14.6113862,-90.562768,89,2017-10-0914:19:04
14.6113862,-90.562768,139,2017-10-0914:19:05
14.6113862,-90.562768,107,2017-10-0914:19:06
14.6113862,-90.562768,71,2017-10-0914:19:07
14.6113862,-90.562768,81,2017-10-0914:19:08
14.6113862,-90.562768,142,2017-10-0914:19:09
14.6113862,-90.562768,69,2017-10-0914:19:10
14.6113862,-90.562768,80,2017-10-0914:19:11
14.6113862,-90.562768,124,2017-10-0914:19:12
14.6113862,-90.562768,89,2017-10-0914:19:13
14.6113862,-90.562768,57,2017-10-0914:19:14
14.6113862,-90.562768,115,2017-10-0914:19:15
14.621957, -90.5599197,103,2017-10-0914:19:16
14.621957, -90.5599197,85,2017-10-0914:19:17
14.621957, -90.5599197,93,2017-10-0914:19:18
14.621957, -90.5599197,92,2017-10-0914:19:19
14.621957, -90.5599197,145,2017-10-0914:19:20
14.621957, -90.5599197,9,2017-10-0914:19:21
14.621957, -90.5599197,91,2017-10-0914:19:22
14.621957, -90.5599197,53,2017-10-0914:19:23
14.621957, -90.5599197,51,2017-10-0914:19:24
14.621957, -90.5599197,12,2017-10-0914:19:25
14.621957, -90.5599197,103,2017-10-0914:19:26
14.621957, -90.5599197,104,2017-10-0914:19:27
14.621957, -90.5599197,119,2017-10-0914:19:28
14.621957, -90.5599197,13,2017-10-0914:19:29
14.621957, -90.5599197,115,2017-10-0914:19:30
14.621957, -90.5599197,14,2017-10-0914:19:31
14.621957, -90.5599197,13,2017-10-0914:19:32
14.621957, -90.5599197,5,2017-10-0914:19:33
14.621957, -90.5599197,6,2017-10-0914:19:34
14.621957, -90.5599197,112,2017-10-0914:19:35
14.621957, -90.5599197,88,2017-10-0914:19:36
14.621957, -90.5599197,138,2017-10-0914:19:37
14.621957, -90.5599197,79,2017-10-0914:19:38
14.621957, -90.5599197,54,2017-10-0914:19:39
14.621957, -90.5599197,65,2017-10-0914:19:40
14.621957, -90.5599197,5,2017-10-0914:19:41
14.621957, -90.5599197,73,2017-10-0914:19:42
14.621957, -90.5599197,75,2017-10-0914:19:43
14.621957, -90.5599197,58,2017-10-0914:19:44
14.621957, -90.5599197,101,2017-10-0914:19:45
14.621957, -90.5599197,5,2017-10-0914:19:46
14.621957, -90.5599197,110,2017-10-0914:19:47
14.621957, -90.5599197,95,2017-10-0914:19:48
14.621957, -90.5599197,114,2017-10-0914:19:49
14.621957, -90.5599197,105,2017-10-0914:19:50
14.621957, -90.5599197,110,2017-10-0914:19:51
14.622995, -90.5605637,62,2017-10-0914:19:52
14.622995, -90.5605637,120,2017-10-0914:19:53
14.622995, -90.5605637,117,2017-10-0914:19:54
14.622995, -90.5605637,9,2017-10-0914:19:55
14.622995, -90.5605637,71,2017-10-0914:19:56
14.622995, -90.5605637,10,2017-10-0914:19:57
14.622995, -90.5605637,115,2017-10-0914:19:58
14.622995, -90.5605637,79,2017-10-0914:19:59
14.622995, -90.5605637,61,2017-10-0914:20:00
14.622995, -90.5605637,109,2017-10-0914:20:01
14.622995, -90.5605637,68,2017-10-0914:20:02
14.622995, -90.5605637,122,2017-10-0914:20:03
14.622995, -90.5605637,144,2017-10-0914:20:04
14.622995, -90.5605637,123,2017-10-0914:20:05
14.622995, -90.5605637,135,2017-10-0914:20:06
14.622995, -90.5605637,110,2017-10-0914:20:07
14.622995, -90.5605637,14,2017-10-0914:20:08
14.622995, -90.5605637,78,2017-10-0914:20:09
14.622995, -90.5605637,120,2017-10-0914:20:10
14.622995, -90.5605637,92,2017-10-0914:20:11
14.622995, -90.5605637,77,2017-10-0914:20:12
14.622995, -90.5605637,95,2017-10-0914:20:13
14.622995, -90.5605637,104,2017-10-0914:20:14
14.622995, -90.5605637,87,2017-10-0914:20:15
14.622995, -90.5605637,11,2017-10-0914:20:16
14.622995, -90.5605637,88,2017-10-0914:20:17
14.622995, -90.5605637,122,2017-10-0914:20:18
14.622995, -90.5605637,85,2017-10-0914:20:19
14.622995, -90.5605637,130,2017-10-0914:20:20
14.622995, -90.5605637,139,2017-10-0914:20:21
14.622995, -90.5605637,150,2017-10-0914:20:22
14.622995, -90.5605637,141,2017-10-0914:20:23
14.622995, -90.5605637,10,2017-10-0914:20:24
14.622995, -90.5605637,135,2017-10-0914:20:25
14.622995, -90.5605637,59,2017-10-0914:20:26
14.622995, -90.5605637,61,2017-10-0914:20:27
14.622995, -90.5605637,83,2017-10-0914:20:28
14.622995, -90.5605637,11,2017-10-0914:20:29
14.622995, -90.5605637,97,2017-10-0914:20:30
14.622995, -90.5605637,115,2017-10-0914:20:31
14.622995, -90.5605637,105,2017-10-0914:20:32
14.622995, -90.5605637,131,2017-10-0914:20:33
14.622995, -90.5605637,77,2017-10-0914:20:34
14.622995, -90.5605637,149,2017-10-0914:20:35
14.622995, -90.5605637,148,2017-10-0914:20:36
14.622995, -90.5605637,117,2017-10-0914:20:37
14.622995, -90.5605637,71,2017-10-0914:20:38
14.622995, -90.5605637,98,2017-10-0914:20:39
14.622995, -90.5605637,135,2017-10-0914:20:40
14.622995, -90.5605637,12,2017-10-0914:20:41
14.622995, -90.5605637,61,2017-10-0914:20:42
14.622995, -90.5605637,118,2017-10-0914:20:43
14.622995, -90.5605637,129,2017-10-0914:20:44
14.622995, -90.5605637,82,2017-10-0914:20:45
14.622995, -90.5605637,9,2017-10-0914:20:46
14.622995, -90.5605637,92,2017-10-0914:20:47
14.622995, -90.5605637,142,2017-10-0914:20:48
14.622995, -90.5605637,105,2017-10-0914:20:49
14.622995, -90.5605637,105,2017-10-0914:20:50
14.622995, -90.5605637,89,2017-10-0914:20:51
14.622995, -90.5605637,77,2017-10-0914:20:52
14.622995, -90.5605637,9,2017-10-0914:20:53
14.622995, -90.5605637,87,2017-10-0914:20:54
14.622995, -90.5605637,85,2017-10-0914:20:55
14.622995, -90.5605637,110,2017-10-0914:20:56
14.622995, -90.5605637,145,2017-10-0914:20:57
14.622995, -90.5605637,140,2017-10-0914:20:58
14.622995, -90.5605637,8,2017-10-0914:20:59
14.622995, -90.5605637,130,2017-10-0914:21:00
14.622995, -90.5605637,5,2017-10-0914:21:01
14.622995, -90.5605637,148,2017-10-0914:21:02
14.622995, -90.5605637,119,2017-10-0914:21:03
14.624407, -90.5613787,62,2017-10-0914:21:04
14.624407, -90.5613787,73,2017-10-0914:21:05
14.624407, -90.5613787,57,2017-10-0914:21:06
14.624407, -90.5613787,80,2017-10-0914:21:07
14.624407, -90.5613787,108,2017-10-0914:21:08
14.624407, -90.5613787,105,2017-10-0914:21:09
14.624407, -90.5613787,61,2017-10-0914:21:10
14.624407, -90.5613787,62,2017-10-0914:21:11
14.624407, -90.5613787,149,2017-10-0914:21:12
14.624407, -90.5613787,99,2017-10-0914:21:13
14.624407, -90.5613787,112,2017-10-0914:21:14
14.624407, -90.5613787,14,2017-10-0914:21:15
14.624407, -90.5613787,148,2017-10-0914:21:16
14.624407, -90.5613787,11,2017-10-0914:21:17
14.624407, -90.5613787,114,2017-10-0914:21:18
14.624407, -90.5613787,67,2017-10-0914:21:19
14.624407, -90.5613787,12,2017-10-0914:21:20
14.624407, -90.5613787,89,2017-10-0914:21:21
14.624407, -90.5613787,147,2017-10-0914:21:22
14.624407, -90.5613787,143,2017-10-0914:21:23
14.624407, -90.5613787,88,2017-10-0914:21:24
14.624407, -90.5613787,100,2017-10-0914:21:25
14.624407, -90.5613787,57,2017-10-0914:21:26
14.624407, -90.5613787,91,2017-10-0914:21:27
14.624407, -90.5613787,132,2017-10-0914:21:28
14.624407, -90.5613787,112,2017-10-0914:21:29
14.624407, -90.5613787,135,2017-10-0914:21:30
14.624407, -90.5613787,71,2017-10-0914:21:31
14.624407, -90.5613787,147,2017-10-0914:21:32
14.624407, -90.5613787,139,2017-10-0914:21:33
14.624407, -90.5613787,88,2017-10-0914:21:34
14.624407, -90.5613787,79,2017-10-0914:21:35
14.624407, -90.5613787,109,2017-10-0914:21:36
14.624407, -90.5613787,132,2017-10-0914:21:37
14.624407, -90.5613787,132,2017-10-0914:21:38
14.624407, -90.5613787,147,2017-10-0914:21:39
14.62504, -90.5616257,120,2017-10-0914:21:40
14.62504, -90.5616257,8,2017-10-0914:21:41
14.62504, -90.5616257,10,2017-10-0914:21:42
14.62504, -90.5616257,75,2017-10-0914:21:43
14.62504, -90.5616257,122,2017-10-0914:21:44
14.62504, -90.5616257,129,2017-10-0914:21:45
14.62504, -90.5616257,104,2017-10-0914:21:46
14.62504, -90.5616257,99,2017-10-0914:21:47
14.62504, -90.5616257,87,2017-10-0914:21:48
14.62504, -90.5616257,144,2017-10-0914:21:49
14.62504, -90.5616257,103,2017-10-0914:21:50
14.62504, -90.5616257,80,2017-10-0914:21:51
14.62504, -90.5616257,121,2017-10-0914:21:52
14.62504, -90.5616257,129,2017-10-0914:21:53
14.62504, -90.5616257,64,2017-10-0914:21:54
14.62504, -90.5616257,90,2017-10-0914:21:55
14.62504, -90.5616257,141,2017-10-0914:21:56
14.62504, -90.5616257,92,2017-10-0914:21:57
14.62504, -90.5616257,84,2017-10-0914:21:58
14.62504, -90.5616257,122,2017-10-0914:21:59
14.62504, -90.5616257,87,2017-10-0914:22:00
14.62504, -90.5616257,99,2017-10-0914:22:01
14.62504, -90.5616257,88,2017-10-0914:22:02
14.62504, -90.5616257,135,2017-10-0914:22:03
14.62504, -90.5616257,54,2017-10-0914:22:04
14.62504, -90.5616257,51,2017-10-0914:22:05
14.62504, -90.5616257,119,2017-10-0914:22:06
14.62504, -90.5616257,83,2017-10-0914:22:07
14.62504, -90.5616257,120,2017-10-0914:22:08
14.62504, -90.5616257,115,2017-10-0914:22:09
14.62504, -90.5616257,95,2017-10-0914:22:10
14.62504, -90.5616257,78,2017-10-0914:22:11
14.62504, -90.5616257,57,2017-10-0914:22:12
14.62504, -90.5616257,11,2017-10-0914:22:13
14.62504, -90.5616257,97,2017-10-0914:22:14
14.62504, -90.5616257,83,2017-10-0914:22:15
14.6254788 , -90.5615587 ,103,2017-10-0914:22:16
14.6254788 , -90.5615587 ,70,2017-10-0914:22:17
14.6254788 , -90.5615587 ,77,2017-10-0914:22:18
14.6254788 , -90.5615587 ,67,2017-10-0914:22:19
14.6254788 , -90.5615587 ,13,2017-10-0914:22:20
14.6254788 , -90.5615587 ,143,2017-10-0914:22:21
14.6254788 , -90.5615587 ,113,2017-10-0914:22:22
14.6254788 , -90.5615587 ,12,2017-10-0914:22:23
14.6254788 , -90.5615587 ,87,2017-10-0914:22:24
14.6254788 , -90.5615587 ,148,2017-10-0914:22:25
14.6254788 , -90.5615587 ,58,2017-10-0914:22:26
14.6254788 , -90.5615587 ,84,2017-10-0914:22:27
14.6254788 , -90.5615587 ,63,2017-10-0914:22:28
14.6254788 , -90.5615587 ,5,2017-10-0914:22:29
14.6254788 , -90.5615587 ,95,2017-10-0914:22:30
14.6254788 , -90.5615587 ,6,2017-10-0914:22:31
14.6254788 , -90.5615587 ,91,2017-10-0914:22:32
14.6254788 , -90.5615587 ,135,2017-10-0914:22:33
14.6254788 , -90.5615587 ,119,2017-10-0914:22:34
14.6254788 , -90.5615587 ,13,2017-10-0914:22:35
14.6254788 , -90.5615587 ,118,2017-10-0914:22:36
14.6254788 , -90.5615587 ,80,2017-10-0914:22:37
14.6254788 , -90.5615587 ,100,2017-10-0914:22:38
14.6254788 , -90.5615587 ,141,2017-10-0914:22:39
14.6254788 , -90.5615587 ,119,2017-10-0914:22:40
14.6254788 , -90.5615587 ,144,2017-10-0914:22:41
14.6254788 , -90.5615587 ,149,2017-10-0914:22:42
14.6254788 , -90.5615587 ,77,2017-10-0914:22:43
14.6254788 , -90.5615587 ,67,2017-10-0914:22:44
14.6254788 , -90.5615587 ,90,2017-10-0914:22:45
14.6254788 , -90.5615587 ,58,2017-10-0914:22:46
14.6254788 , -90.5615587 ,9,2017-10-0914:22:47
14.6254788 , -90.5615587 ,68,2017-10-0914:22:48
14.6254788 , -90.5615587 ,62,2017-10-0914:22:49
14.6254788 , -90.5615587 ,14,2017-10-0914:22:50
14.6254788 , -90.5615587 ,112,2017-10-0914:22:51
14.625842, -90.5613117,61,2017-10-0914:22:52
14.625842, -90.5613117,150,2017-10-0914:22:53
14.625842, -90.5613117,84,2017-10-0914:22:54
14.625842, -90.5613117,110,2017-10-0914:22:55
14.625842, -90.5613117,61,2017-10-0914:22:56
14.625842, -90.5613117,77,2017-10-0914:22:57
14.625842, -90.5613117,102,2017-10-0914:22:58
14.625842, -90.5613117,64,2017-10-0914:22:59
14.625842, -90.5613117,137,2017-10-0914:23:00
14.625842, -90.5613117,113,2017-10-0914:23:01
14.625842, -90.5613117,82,2017-10-0914:23:02
14.625842, -90.5613117,67,2017-10-0914:23:03
14.625842, -90.5613117,97,2017-10-0914:23:04
14.625842, -90.5613117,122,2017-10-0914:23:05
14.625842, -90.5613117,91,2017-10-0914:23:06
14.625842, -90.5613117,78,2017-10-0914:23:07
14.625842, -90.5613117,115,2017-10-0914:23:08
14.625842, -90.5613117,92,2017-10-0914:23:09
14.625842, -90.5613117,101,2017-10-0914:23:10
14.625842, -90.5613117,7,2017-10-0914:23:11
14.625842, -90.5613117,125,2017-10-0914:23:12
14.625842, -90.5613117,103,2017-10-0914:23:13
14.625842, -90.5613117,143,2017-10-0914:23:14
14.625842, -90.5613117,118,2017-10-0914:23:15
14.625842, -90.5613117,112,2017-10-0914:23:16
14.625842, -90.5613117,115,2017-10-0914:23:17
14.625842, -90.5613117,50,2017-10-0914:23:18
14.625842, -90.5613117,98,2017-10-0914:23:19
14.625842, -90.5613117,52,2017-10-0914:23:20
14.625842, -90.5613117,110,2017-10-0914:23:21
14.625842, -90.5613117,103,2017-10-0914:23:22
14.625842, -90.5613117,122,2017-10-0914:23:23
14.625842, -90.5613117,81,2017-10-0914:23:24
14.625842, -90.5613117,115,2017-10-0914:23:25
14.625842, -90.5613117,143,2017-10-0914:23:26
14.625842, -90.5613117,72,2017-10-0914:23:27
14.626143, -90.5608937,72,2017-10-0914:23:28
14.626143, -90.5608937,108,2017-10-0914:23:29
14.626143, -90.5608937,87,2017-10-0914:23:30
14.626143, -90.5608937,139,2017-10-0914:23:31
14.626143, -90.5608937,109,2017-10-0914:23:32
14.626143, -90.5608937,138,2017-10-0914:23:33
14.626143, -90.5608937,121,2017-10-0914:23:34
14.626143, -90.5608937,145,2017-10-0914:23:35
14.626143, -90.5608937,123,2017-10-0914:23:36
14.626143, -90.5608937,140,2017-10-0914:23:37
14.626143, -90.5608937,71,2017-10-0914:23:38
14.626143, -90.5608937,147,2017-10-0914:23:39
14.626143, -90.5608937,9,2017-10-0914:23:40
14.626143, -90.5608937,70,2017-10-0914:23:41
14.626143, -90.5608937,141,2017-10-0914:23:42
14.626143, -90.5608937,141,2017-10-0914:23:43
14.626143, -90.5608937,52,2017-10-0914:23:44
14.626143, -90.5608937,139,2017-10-0914:23:45
14.626143, -90.5608937,93,2017-10-0914:23:46
14.626143, -90.5608937,73,2017-10-0914:23:47
14.626143, -90.5608937,117,2017-10-0914:23:48
14.626143, -90.5608937,142,2017-10-0914:23:49
14.626143, -90.5608937,58,2017-10-0914:23:50
14.626143, -90.5608937,11,2017-10-0914:23:51
14.626143, -90.5608937,128,2017-10-0914:23:52
14.626143, -90.5608937,50,2017-10-0914:23:53
14.626143, -90.5608937,11,2017-10-0914:23:54
14.626143, -90.5608937,139,2017-10-0914:23:55
14.626143, -90.5608937,99,2017-10-0914:23:56
14.626143, -90.5608937,91,2017-10-0914:23:57
14.626143, -90.5608937,143,2017-10-0914:23:58
14.626143, -90.5608937,144,2017-10-0914:23:59
14.626143, -90.5608937,138,2017-10-0914:24:00
14.626143, -90.5608937,90,2017-10-0914:24:01
14.626143, -90.5608937,10,2017-10-0914:24:02
14.626143, -90.5608937,109,2017-10-0914:24:03
14.626558, -90.5592413,52,2017-10-0914:24:04
14.626558, -90.5592413,101,2017-10-0914:24:05
14.626558, -90.5592413,99,2017-10-0914:24:06
14.626558, -90.5592413,5,2017-10-0914:24:07
14.626558, -90.5592413,140,2017-10-0914:24:08
14.626558, -90.5592413,95,2017-10-0914:24:09
14.626558, -90.5592413,55,2017-10-0914:24:10
14.626558, -90.5592413,131,2017-10-0914:24:11
14.626558, -90.5592413,142,2017-10-0914:24:12
14.626558, -90.5592413,79,2017-10-0914:24:13
14.626558, -90.5592413,11,2017-10-0914:24:14
14.626558, -90.5592413,67,2017-10-0914:24:15
14.626558, -90.5592413,5,2017-10-0914:24:16
14.626558, -90.5592413,91,2017-10-0914:24:17
14.626558, -90.5592413,50,2017-10-0914:24:18
14.626558, -90.5592413,135,2017-10-0914:24:19
14.626558, -90.5592413,63,2017-10-0914:24:20
14.626558, -90.5592413,137,2017-10-0914:24:21
14.626558, -90.5592413,149,2017-10-0914:24:22
14.626558, -90.5592413,145,2017-10-0914:24:23
14.626558, -90.5592413,9,2017-10-0914:24:24
14.626558, -90.5592413,85,2017-10-0914:24:25
14.626558, -90.5592413,87,2017-10-0914:24:26
14.626558, -90.5592413,54,2017-10-0914:24:27
14.626558, -90.5592413,14,2017-10-0914:24:28
14.626558, -90.5592413,11,2017-10-0914:24:29
14.626558, -90.5592413,8,2017-10-0914:24:30
14.626558, -90.5592413,59,2017-10-0914:24:31
14.626558, -90.5592413,92,2017-10-0914:24:32
14.626558, -90.5592413,131,2017-10-0914:24:33
14.626558, -90.5592413,6,2017-10-0914:24:34
14.626558, -90.5592413,57,2017-10-0914:24:35
14.626558, -90.5592413,53,2017-10-0914:24:36
14.626558, -90.5592413,85,2017-10-0914:24:37
14.626558, -90.5592413,14,2017-10-0914:24:38
14.626558, -90.5592413,148,2017-10-0914:24:39
